<ImportExportXml version="9.2.23123.210" SolutionPackageVersion="9.2" languagecode="2070" generatedBy="CrmLive" xmlns:xsi="http://www.w3.org/2001/XMLSchema-instance">
  <SolutionManifest>
    <UniqueName>Treinamento2024</UniqueName>
    <LocalizedNames>
      <LocalizedName description="Treinamento 2024" languagecode="2070" />
    </LocalizedNames>
    <Descriptions>
      <Description description="Desafio de Projeto 1&#xA;Criando um aplicativo do tipo Canvas com a Power Platform&#xA;Desafio de Projeto 2&#xA;Criando Soluções Robustas no Dynamics 365 com a Extensão SDK" languagecode="2070" />
    </Descriptions>
    <Version>2.0.0.2</Version>
    <Managed>0</Managed>
    <Publisher>
      <UniqueName>diotreinamento</UniqueName>
      <LocalizedNames>
        <LocalizedName description="DIO Treinamento" languagecode="2070" />
      </LocalizedNames>
      <Descriptions />
      <EMailAddress xsi:nil="true"></EMailAddress>
      <SupportingWebsiteUrl xsi:nil="true"></SupportingWebsiteUrl>
      <CustomizationPrefix>dio</CustomizationPrefix>
      <CustomizationOptionValuePrefix>91430</CustomizationOptionValuePrefix>
      <Addresses>
        <Address>
          <AddressNumber>1</AddressNumber>
          <AddressTypeCode>1</AddressTypeCode>
          <City xsi:nil="true"></City>
          <County xsi:nil="true"></County>
          <Country xsi:nil="true"></Country>
          <Fax xsi:nil="true"></Fax>
          <FreightTermsCode xsi:nil="true"></FreightTermsCode>
          <ImportSequenceNumber xsi:nil="true"></ImportSequenceNumber>
          <Latitude xsi:nil="true"></Latitude>
          <Line1 xsi:nil="true"></Line1>
          <Line2 xsi:nil="true"></Line2>
          <Line3 xsi:nil="true"></Line3>
          <Longitude xsi:nil="true"></Longitude>
          <Name xsi:nil="true"></Name>
          <PostalCode xsi:nil="true"></PostalCode>
          <PostOfficeBox xsi:nil="true"></PostOfficeBox>
          <PrimaryContactName xsi:nil="true"></PrimaryContactName>
          <ShippingMethodCode>1</ShippingMethodCode>
          <StateOrProvince xsi:nil="true"></StateOrProvince>
          <Telephone1 xsi:nil="true"></Telephone1>
          <Telephone2 xsi:nil="true"></Telephone2>
          <Telephone3 xsi:nil="true"></Telephone3>
          <TimeZoneRuleVersionNumber xsi:nil="true"></TimeZoneRuleVersionNumber>
          <UPSZone xsi:nil="true"></UPSZone>
          <UTCOffset xsi:nil="true"></UTCOffset>
          <UTCConversionTimeZoneCode xsi:nil="true"></UTCConversionTimeZoneCode>
        </Address>
        <Address>
          <AddressNumber>2</AddressNumber>
          <AddressTypeCode>1</AddressTypeCode>
          <City xsi:nil="true"></City>
          <County xsi:nil="true"></County>
          <Country xsi:nil="true"></Country>
          <Fax xsi:nil="true"></Fax>
          <FreightTermsCode xsi:nil="true"></FreightTermsCode>
          <ImportSequenceNumber xsi:nil="true"></ImportSequenceNumber>
          <Latitude xsi:nil="true"></Latitude>
          <Line1 xsi:nil="true"></Line1>
          <Line2 xsi:nil="true"></Line2>
          <Line3 xsi:nil="true"></Line3>
          <Longitude xsi:nil="true"></Longitude>
          <Name xsi:nil="true"></Name>
          <PostalCode xsi:nil="true"></PostalCode>
          <PostOfficeBox xsi:nil="true"></PostOfficeBox>
          <PrimaryContactName xsi:nil="true"></PrimaryContactName>
          <ShippingMethodCode>1</ShippingMethodCode>
          <StateOrProvince xsi:nil="true"></StateOrProvince>
          <Telephone1 xsi:nil="true"></Telephone1>
          <Telephone2 xsi:nil="true"></Telephone2>
          <Telephone3 xsi:nil="true"></Telephone3>
          <TimeZoneRuleVersionNumber xsi:nil="true"></TimeZoneRuleVersionNumber>
          <UPSZone xsi:nil="true"></UPSZone>
          <UTCOffset xsi:nil="true"></UTCOffset>
          <UTCConversionTimeZoneCode xsi:nil="true"></UTCConversionTimeZoneCode>
        </Address>
      </Addresses>
    </Publisher>
    <RootComponents>
      <RootComponent type="1" schemaName="dio_aluno" behavior="0" />
      <RootComponent type="1" schemaName="dio_alunos" behavior="0" />
      <RootComponent type="1" schemaName="dio_alunoxcursos" behavior="0" />
      <RootComponent type="1" schemaName="dio_curso" behavior="0" />
      <RootComponent type="1" schemaName="dio_cursoxinstrutores" behavior="0" />
      <RootComponent type="1" schemaName="dio_instrutores" behavior="0" />
      <RootComponent type="1" schemaName="lead" behavior="2" />
      <RootComponent type="1" schemaName="msdyn_jobsstate" behavior="2" />
      <RootComponent type="29" id="{0f3f2857-4de4-4ee6-9c78-cf9f69c39c47}" behavior="0" />
      <RootComponent type="29" id="{8c0cc8e3-22bf-4d4d-951e-50d3f14aeea6}" behavior="0" />
      <RootComponent type="29" id="{cee02837-a9ae-ee11-a569-0022483861bc}" behavior="0" />
      <RootComponent type="29" id="{ede7744c-d339-4969-85f7-c6f36bb35d4c}" behavior="0" />
      <RootComponent type="29" id="{fe45950c-1001-4588-8453-2ae2181d3896}" behavior="0" />
      <RootComponent type="61" schemaName="dio_BibliotecaJS" behavior="0" />
      <RootComponent type="61" schemaName="dio_Scriptcallactioncep" behavior="0" />
      <RootComponent type="61" schemaName="dio_scriptcallmyaction" behavior="0" />
      <RootComponent type="61" schemaName="dio_scriptribbon" behavior="0" />
      <RootComponent type="61" schemaName="dio_WebPageTreinamento" behavior="0" />
      <RootComponent type="62" schemaName="dio_Treinamento20241" behavior="0" />
      <RootComponent type="80" schemaName="dio_Treinamento20241" behavior="0" />
      <RootComponent type="91" id="{acbd10b0-6fd3-4141-a885-54d21a0db32b}" schemaName="PluginProjetoDesafioII, Version=1.0.0.0, Culture=neutral, PublicKeyToken=07fef9adf91e04c0" behavior="0" />
      <RootComponent type="300" schemaName="dio_appinstrutoreshabilitados_c9926" behavior="0" />
    </RootComponents>
    <MissingDependencies>
      <MissingDependency>
        <Required type="1" schemaName="lead" displayName="Oportunidade Potencial" solution="msdynce_LeadManagement (9.0.4.0066)">
          <package>msdynce_LeadManagementAnchor (9.0.24012.10001)</package>
        </Required>
        <Dependent type="1" schemaName="lead" displayName="Oportunidade Potencial" />
      </MissingDependency>
      <MissingDependency>
        <Required type="1" schemaName="msdyn_jobsstate" displayName="JobsState" solution="msdyn_CCAIntelligentService (1.0.0.42)">
          <package>msdynce_ServiceAnchor (9.0.23123.1007)</package>
        </Required>
        <Dependent type="1" schemaName="msdyn_jobsstate" displayName="JobsState" />
      </MissingDependency>
      <MissingDependency>
        <Required type="1" schemaName="msdyn_playbookcategory" displayName="[PRETERIDO] Categoria de manual de procedimentos" solution="msdyn_Playbook (9.0.2310.3000 )">
          <package>msdynce_SalesAnchor (9.0.23123.10003)</package>
        </Required>
        <Dependent type="10" schemaName="dio_msdyn_playbookcategory_dio_alunoxcursos_cursodisponivel" displayName="dio_msdyn_playbookcategory_dio_alunoxcursos_cursodisponivel" parentSchemaName="msdyn_playbookcategory" parentDisplayName="[PRETERIDO] Categoria de manual de procedimentos" />
      </MissingDependency>
      <MissingDependency>
        <Required type="2" schemaName="msdyn_name" displayName="Nome" parentSchemaName="msdyn_playbookcategory" parentDisplayName="[PRETERIDO] Categoria de manual de procedimentos" solution="msdyn_Playbook (9.0.2310.3000 )">
          <package>msdynce_SalesAnchor (9.0.23123.10003)</package>
        </Required>
        <Dependent type="10" schemaName="dio_msdyn_playbookcategory_dio_alunoxcursos_alunoxcursos" displayName="dio_msdyn_playbookcategory_dio_alunoxcursos_alunoxcursos" parentSchemaName="msdyn_playbookcategory" parentDisplayName="[PRETERIDO] Categoria de manual de procedimentos" />
      </MissingDependency>
      <MissingDependency>
        <Required type="2" schemaName="msdyn_name" displayName="Nome" parentSchemaName="msdyn_playbookcategory" parentDisplayName="[PRETERIDO] Categoria de manual de procedimentos" solution="msdyn_Playbook (9.0.2310.3000 )">
          <package>msdynce_SalesAnchor (9.0.23123.10003)</package>
        </Required>
        <Dependent type="10" schemaName="dio_msdyn_playbookcategory_dio_alunoxcursos_cursodisponivel" displayName="dio_msdyn_playbookcategory_dio_alunoxcursos_cursodisponivel" parentSchemaName="msdyn_playbookcategory" parentDisplayName="[PRETERIDO] Categoria de manual de procedimentos" />
      </MissingDependency>
      <MissingDependency>
        <Required type="2" schemaName="msdyn_playbookcategoryid" displayName="Categoria de manual de procedimentos" parentSchemaName="msdyn_playbookcategory" parentDisplayName="[PRETERIDO] Categoria de manual de procedimentos" solution="msdyn_Playbook (9.0.2310.3000 )">
          <package>msdynce_SalesAnchor (9.0.23123.10003)</package>
        </Required>
        <Dependent type="10" schemaName="dio_msdyn_playbookcategory_dio_alunoxcursos_cursodisponivel" displayName="dio_msdyn_playbookcategory_dio_alunoxcursos_cursodisponivel" parentSchemaName="msdyn_playbookcategory" parentDisplayName="[PRETERIDO] Categoria de manual de procedimentos" />
      </MissingDependency>
      <MissingDependency>
        <Required type="60" displayName="Avaliação do Sales" parentDisplayName="Oportunidade Potencial" solution="msdyn_SalesTrialApp (9.0.1.1275)" id="{58e33e09-b61c-4f57-bd96-1ed86dbefc40}" />
        <Dependent type="60" displayName="Avaliação do Sales" parentDisplayName="Oportunidade Potencial" id="{58e33e09-b61c-4f57-bd96-1ed86dbefc40}" />
      </MissingDependency>
      <MissingDependency>
        <Required type="60" displayName="Vista Rápida de Oportunidades Potenciais da Aplicação para Outlook" parentDisplayName="Oportunidade Potencial" solution="AppforOutlook (1.2.13.0)" id="{95192c4e-f96e-4771-b10a-e6421c908533}" />
        <Dependent type="60" displayName="Vista Rápida de Oportunidades Potenciais da Aplicação para Outlook" parentDisplayName="Oportunidade Potencial" id="{95192c4e-f96e-4771-b10a-e6421c908533}" />
      </MissingDependency>
      <MissingDependency>
        <Required type="60" displayName="Criação Rápida de Oportunidade Potencial" parentDisplayName="Oportunidade Potencial" solution="msdynce_LeadManagement (9.0.4.0066)" id="{aa7c154f-e2f8-45db-b780-a9a8a96332fe}">
          <package>msdynce_LeadManagementAnchor (9.0.24012.10001)</package>
        </Required>
        <Dependent type="60" displayName="Criação Rápida de Oportunidade Potencial" parentDisplayName="Oportunidade Potencial" id="{aa7c154f-e2f8-45db-b780-a9a8a96332fe}" />
      </MissingDependency>
      <MissingDependency>
        <Required type="60" displayName="Cartão de Oportunidade Potencial da Aplicação para Outlook" parentDisplayName="Oportunidade Potencial" solution="AppforOutlook (1.2.13.0)" id="{d228d73e-e56e-48b3-ab95-0a06b1397b03}" />
        <Dependent type="60" displayName="Cartão de Oportunidade Potencial da Aplicação para Outlook" parentDisplayName="Oportunidade Potencial" id="{d228d73e-e56e-48b3-ab95-0a06b1397b03}" />
      </MissingDependency>
      <MissingDependency>
        <Required type="60" displayName="Sales Insights" parentDisplayName="Oportunidade Potencial" solution="SICommon (9.0.24012.1)" id="{e1ec2c0c-1744-42fa-a346-fb8237357d0f}">
          <package>msdynce_SalesInsightsAnchor (9.0.24012.10001)</package>
        </Required>
        <Dependent type="60" displayName="Sales Insights" parentDisplayName="Oportunidade Potencial" id="{e1ec2c0c-1744-42fa-a346-fb8237357d0f}" />
      </MissingDependency>
      <MissingDependency>
        <Required type="60" displayName="Oportunidade Potencial" parentDisplayName="Oportunidade Potencial" solution="msdynce_LeadManagement (9.0.4.0066)" id="{e3b6ddb7-8df0-4410-ac7b-fd32e5053d38}">
          <package>msdynce_LeadManagementAnchor (9.0.24012.10001)</package>
        </Required>
        <Dependent type="60" displayName="Oportunidade Potencial" parentDisplayName="Oportunidade Potencial" id="{e3b6ddb7-8df0-4410-ac7b-fd32e5053d38}" />
      </MissingDependency>
      <MissingDependency>
        <Required type="61" schemaName="msdyn_/Images/AppModule_Default_Icon.png" displayName="msdyn_/Images/AppModule_Default_Icon.png" solution="AppModuleWebResources (2.5)" />
        <Dependent type="80" schemaName="dio_Treinamento20241" displayName="Treinamento2024.1" />
      </MissingDependency>
      <MissingDependency>
        <Required type="66" schemaName="MscrmControls.Canvas.CanvasControl" displayName="MscrmControls.Canvas.CanvasControl" solution="BaseCustomControlsCore (9.0.2312.3020)" />
        <Dependent type="60" displayName="Informações" parentDisplayName="Curso" id="{12b231d0-3549-4939-9758-e12f467a6e01}" />
      </MissingDependency>
      <MissingDependency>
        <Required type="66" schemaName="MscrmControls.Canvas.CanvasControl" displayName="MscrmControls.Canvas.CanvasControl" solution="BaseCustomControlsCore (9.0.2312.3020)" />
        <Dependent type="60" displayName="Curso2024" parentDisplayName="Curso" id="{85f3ec8d-449b-4c76-af1e-2528678d5d8e}" />
      </MissingDependency>
    </MissingDependencies>
  </SolutionManifest>
</ImportExportXml>